{"cameraMode":{"drawMode":0,"name":"Shaded","section":"Shading Mode"},"sceneLighting":false,"audioPlay":false,"sceneViewState":{"showFog":true,"showMaterialUpdate":false,"showSkybox":false,"showFlares":true,"showImageEffects":true,"showParticleSystems":true},"in2DMode":false,"pivot":{"x":0.26522934436798098,"y":0.7261385917663574,"z":-3.5035617351531984},"rotation":{"x":0.2618938684463501,"y":-0.11690671741962433,"z":0.031977612525224689,"w":0.9574557542800903},"size":5.298210620880127,"orthographic":true}