{"cameraMode":{"drawMode":0,"name":"Shaded","section":"Shading Mode"},"sceneLighting":true,"audioPlay":false,"sceneViewState":{"showFog":false,"showMaterialUpdate":false,"showSkybox":false,"showFlares":false,"showImageEffects":false,"showParticleSystems":false},"in2DMode":false,"pivot":{"x":-0.7274017333984375,"y":9.157702445983887,"z":-9.01562213897705},"rotation":{"x":0.31870701909065249,"y":-0.26922720670700076,"z":0.09493033587932587,"w":0.9038437008857727},"size":6.15256929397583,"orthographic":false}