{"cameraMode":{"drawMode":0,"name":"Shaded","section":"Shading Mode"},"sceneLighting":false,"audioPlay":false,"sceneViewState":{"showFog":true,"showMaterialUpdate":false,"showSkybox":false,"showFlares":true,"showImageEffects":true,"showParticleSystems":true},"in2DMode":false,"pivot":{"x":0.30273255705833437,"y":1.3120578527450562,"z":-3.04978609085083},"rotation":{"x":0.15273115038871766,"y":-0.18122726678848267,"z":0.0285030510276556,"w":0.9710908532142639},"size":4.148746490478516,"orthographic":false}