{"cameraMode":{"drawMode":0,"name":"Shaded","section":"Shading Mode"},"sceneLighting":true,"audioPlay":false,"sceneViewState":{"showFog":false,"showMaterialUpdate":false,"showSkybox":false,"showFlares":false,"showImageEffects":false,"showParticleSystems":false},"in2DMode":false,"pivot":{"x":22.249752044677736,"y":1.3083674907684327,"z":10.464387893676758},"rotation":{"x":0.10739652067422867,"y":0.24347345530986787,"z":-0.02713906392455101,"w":0.9635629653930664},"size":6.789230823516846,"orthographic":false}